template_code,type_id,sub_id,label,outbound_play_code,bet_mode,sort_order
ssc_std,dingwei,dingwei_wan,一星定位胆 · 万位,ssc_std:dingwei:dingwei_wan,dingwei,1
ssc_std,dingwei,dingwei_qian,一星定位胆 · 千位,ssc_std:dingwei:dingwei_qian,dingwei,2
ssc_std,dingwei,dingwei_bai,一星定位胆 · 百位,ssc_std:dingwei:dingwei_bai,dingwei,3
ssc_std,dingwei,dingwei_shi,一星定位胆 · 十位,ssc_std:dingwei:dingwei_shi,dingwei,4
ssc_std,dingwei,dingwei_ge,一星定位胆 · 个位,ssc_std:dingwei:dingwei_ge,dingwei,5
ssc_std,qian3,qian3_zhixuan_fs,前三直选复式,ssc_std:qian3:qian3_zhixuan_fs,fushi,1
ssc_std,qian3,qian3_zhixuan_ds,前三直选单式,ssc_std:qian3:qian3_zhixuan_ds,danshi,2
ssc_std,qian3,qian3_zhixuan_hz,前三直选和值,ssc_std:qian3:qian3_zhixuan_hz,hezhi,3
ssc_std,qian3,qian3_zhixuan_kd,前三直选跨度,ssc_std:qian3:qian3_zhixuan_kd,kuadu,4
ssc_std,qian3,qian3_zuhe,前三组合,ssc_std:qian3:qian3_zuhe,zuhe,5
ssc_std,qian3,qian3_zu3,前三组三,ssc_std:qian3:qian3_zu3,zu3,6
ssc_std,qian3,qian3_zu6,前三组六,ssc_std:qian3:qian3_zu6,zu6,7
ssc_std,qian3,qian3_zuxuan_hz,前三组选和值,ssc_std:qian3:qian3_zuxuan_hz,hezhi,8
ssc_std,qian3,qian3_zuxuan_bd,前三组选包胆,ssc_std:qian3:qian3_zuxuan_bd,baodan,9
ssc_std,qian3,qian3_hunhe_zx,前三混合组选,ssc_std:qian3:qian3_hunhe_zx,hunhe,10
ssc_std,qian3,qian3_hz_weishu,前三和值尾数,ssc_std:qian3:qian3_hz_weishu,weishu,11
ssc_std,qian3,qian3_teshu,前三特殊号,ssc_std:qian3:qian3_teshu,teshu,12
ssc_std,zhong3,zhong3_zhixuan_fs,中三直选复式,ssc_std:zhong3:zhong3_zhixuan_fs,fushi,1
ssc_std,zhong3,zhong3_zhixuan_ds,中三直选单式,ssc_std:zhong3:zhong3_zhixuan_ds,danshi,2
ssc_std,zhong3,zhong3_zhixuan_hz,中三直选和值,ssc_std:zhong3:zhong3_zhixuan_hz,hezhi,3
ssc_std,zhong3,zhong3_zhixuan_kd,中三直选跨度,ssc_std:zhong3:zhong3_zhixuan_kd,kuadu,4
ssc_std,zhong3,zhong3_zuhe,中三组合,ssc_std:zhong3:zhong3_zuhe,zuhe,5
ssc_std,zhong3,zhong3_zu3,中三组三,ssc_std:zhong3:zhong3_zu3,zu3,6
ssc_std,zhong3,zhong3_zu6,中三组六,ssc_std:zhong3:zhong3_zu6,zu6,7
ssc_std,zhong3,zhong3_zuxuan_hz,中三组选和值,ssc_std:zhong3:zhong3_zuxuan_hz,hezhi,8
ssc_std,zhong3,zhong3_zuxuan_bd,中三组选包胆,ssc_std:zhong3:zhong3_zuxuan_bd,baodan,9
ssc_std,zhong3,zhong3_hunhe_zx,中三混合组选,ssc_std:zhong3:zhong3_hunhe_zx,hunhe,10
ssc_std,zhong3,zhong3_hz_weishu,中三和值尾数,ssc_std:zhong3:zhong3_hz_weishu,weishu,11
ssc_std,zhong3,zhong3_teshu,中三特殊号,ssc_std:zhong3:zhong3_teshu,teshu,12
ssc_std,hou3,hou3_zhixuan_fs,后三直选复式,ssc_std:hou3:hou3_zhixuan_fs,fushi,1
ssc_std,hou3,hou3_zhixuan_ds,后三直选单式,ssc_std:hou3:hou3_zhixuan_ds,danshi,2
ssc_std,hou3,hou3_zhixuan_hz,后三直选和值,ssc_std:hou3:hou3_zhixuan_hz,hezhi,3
ssc_std,hou3,hou3_zhixuan_kd,后三直选跨度,ssc_std:hou3:hou3_zhixuan_kd,kuadu,4
ssc_std,hou3,hou3_zuhe,后三组合,ssc_std:hou3:hou3_zuhe,zuhe,5
ssc_std,hou3,hou3_zu3,后三组三,ssc_std:hou3:hou3_zu3,zu3,6
ssc_std,hou3,hou3_zu6,后三组六,ssc_std:hou3:hou3_zu6,zu6,7
ssc_std,hou3,hou3_zuxuan_hz,后三组选和值,ssc_std:hou3:hou3_zuxuan_hz,hezhi,8
ssc_std,hou3,hou3_zuxuan_bd,后三组选包胆,ssc_std:hou3:hou3_zuxuan_bd,baodan,9
ssc_std,hou3,hou3_hunhe_zx,后三混合组选,ssc_std:hou3:hou3_hunhe_zx,hunhe,10
ssc_std,hou3,hou3_hz_weishu,后三和值尾数,ssc_std:hou3:hou3_hz_weishu,weishu,11
ssc_std,hou3,hou3_teshu,后三特殊号,ssc_std:hou3:hou3_teshu,teshu,12
ssc_std,qian2,qian2_zhixuan_fs,前二直选复式,ssc_std:qian2:qian2_zhixuan_fs,fushi,1
ssc_std,qian2,qian2_zhixuan_ds,前二直选单式,ssc_std:qian2:qian2_zhixuan_ds,danshi,2
ssc_std,qian2,qian2_zhixuan_hz,前二直选和值,ssc_std:qian2:qian2_zhixuan_hz,hezhi,3
ssc_std,qian2,qian2_zhixuan_kd,前二直选跨度,ssc_std:qian2:qian2_zhixuan_kd,kuadu,4
ssc_std,qian2,qian2_zuxuan_fs,前二组选复式,ssc_std:qian2:qian2_zuxuan_fs,fushi,5
ssc_std,qian2,qian2_zuxuan_ds,前二组选单式,ssc_std:qian2:qian2_zuxuan_ds,danshi,6
ssc_std,qian2,qian2_zuxuan_hz,前二组选和值,ssc_std:qian2:qian2_zuxuan_hz,hezhi,7
ssc_std,qian2,qian2_zuxuan_bd,前二组选包胆,ssc_std:qian2:qian2_zuxuan_bd,baodan,8
ssc_std,hou2,hou2_zhixuan_fs,后二直选复式,ssc_std:hou2:hou2_zhixuan_fs,fushi,1
ssc_std,hou2,hou2_zhixuan_ds,后二直选单式,ssc_std:hou2:hou2_zhixuan_ds,danshi,2
ssc_std,hou2,hou2_zhixuan_hz,后二直选和值,ssc_std:hou2:hou2_zhixuan_hz,hezhi,3
ssc_std,hou2,hou2_zhixuan_kd,后二直选跨度,ssc_std:hou2:hou2_zhixuan_kd,kuadu,4
ssc_std,hou2,hou2_zuxuan_fs,后二组选复式,ssc_std:hou2:hou2_zuxuan_fs,fushi,5
ssc_std,hou2,hou2_zuxuan_ds,后二组选单式,ssc_std:hou2:hou2_zuxuan_ds,danshi,6
ssc_std,hou2,hou2_zuxuan_hz,后二组选和值,ssc_std:hou2:hou2_zuxuan_hz,hezhi,7
ssc_std,hou2,hou2_zuxuan_bd,后二组选包胆,ssc_std:hou2:hou2_zuxuan_bd,baodan,8
ssc_std,longhu,lh_wanqian_he,万千龙虎和,ssc_std:longhu:lh_wanqian_he,longhuhe,1
ssc_std,longhu,lh_wanqian_dou,万千龙虎斗,ssc_std:longhu:lh_wanqian_dou,longhu,2
ssc_std,longhu,lh_wanbai_he,万百龙虎和,ssc_std:longhu:lh_wanbai_he,longhuhe,3
ssc_std,longhu,lh_wanbai_dou,万百龙虎斗,ssc_std:longhu:lh_wanbai_dou,longhu,4
ssc_std,longhu,lh_wanshi_he,万十龙虎和,ssc_std:longhu:lh_wanshi_he,longhuhe,5
ssc_std,longhu,lh_wanshi_dou,万十龙虎斗,ssc_std:longhu:lh_wanshi_dou,longhu,6
ssc_std,longhu,lh_wange_he,万个龙虎和,ssc_std:longhu:lh_wange_he,longhuhe,7
ssc_std,longhu,lh_wange_dou,万个龙虎斗,ssc_std:longhu:lh_wange_dou,longhu,8
ssc_std,longhu,lh_qianbai_he,千百龙虎和,ssc_std:longhu:lh_qianbai_he,longhuhe,9
ssc_std,longhu,lh_qianbai_dou,千百龙虎斗,ssc_std:longhu:lh_qianbai_dou,longhu,10
ssc_std,longhu,lh_qianshi_he,千十龙虎和,ssc_std:longhu:lh_qianshi_he,longhuhe,11
ssc_std,longhu,lh_qianshi_dou,千十龙虎斗,ssc_std:longhu:lh_qianshi_dou,longhu,12
ssc_std,longhu,lh_qiange_he,千个龙虎和,ssc_std:longhu:lh_qiange_he,longhuhe,13
ssc_std,longhu,lh_qiange_dou,千个龙虎斗,ssc_std:longhu:lh_qiange_dou,longhu,14
ssc_std,longhu,lh_baishi_he,百十龙虎和,ssc_std:longhu:lh_baishi_he,longhuhe,15
ssc_std,longhu,lh_baishi_dou,百十龙虎斗,ssc_std:longhu:lh_baishi_dou,longhu,16
ssc_std,longhu,lh_baige_he,百个龙虎和,ssc_std:longhu:lh_baige_he,longhuhe,17
ssc_std,longhu,lh_baige_dou,百个龙虎斗,ssc_std:longhu:lh_baige_dou,longhu,18
ssc_std,longhu,lh_shige_he,十个龙虎和,ssc_std:longhu:lh_shige_he,longhuhe,19
ssc_std,longhu,lh_shige_dou,十个龙虎斗,ssc_std:longhu:lh_shige_dou,longhu,20
ssc_std,renxuan,ren2_zhixuan_fs,任二直选复式,ssc_std:renxuan:ren2_zhixuan_fs,fushi,1
ssc_std,renxuan,ren2_zhixuan_ds,任二直选单式,ssc_std:renxuan:ren2_zhixuan_ds,danshi,2
ssc_std,renxuan,ren2_zhixuan_hz,任二直选和值,ssc_std:renxuan:ren2_zhixuan_hz,hezhi,3
ssc_std,renxuan,ren2_zuxuan_fs,任二组选复式,ssc_std:renxuan:ren2_zuxuan_fs,fushi,4
ssc_std,renxuan,ren2_zuxuan_ds,任二组选单式,ssc_std:renxuan:ren2_zuxuan_ds,danshi,5
ssc_std,renxuan,ren2_zuxuan_hz,任二组选和值,ssc_std:renxuan:ren2_zuxuan_hz,hezhi,6
ssc_std,renxuan,ren3_zhixuan_fs,任三直选复式,ssc_std:renxuan:ren3_zhixuan_fs,fushi,7
ssc_std,renxuan,ren3_zhixuan_ds,任三直选单式,ssc_std:renxuan:ren3_zhixuan_ds,danshi,8
ssc_std,renxuan,ren3_zhixuan_hz,任三直选和值,ssc_std:renxuan:ren3_zhixuan_hz,hezhi,9
ssc_std,renxuan,ren3_zu3_fs,任三组三复式,ssc_std:renxuan:ren3_zu3_fs,fushi,10
ssc_std,renxuan,ren3_zu3_ds,任三组三单式,ssc_std:renxuan:ren3_zu3_ds,danshi,11
ssc_std,renxuan,ren3_zu6_fs,任三组六复式,ssc_std:renxuan:ren3_zu6_fs,fushi,12
ssc_std,renxuan,ren3_zu6_ds,任三组六单式,ssc_std:renxuan:ren3_zu6_ds,danshi,13
ssc_std,renxuan,ren3_hunhe_zx,任三混合组选,ssc_std:renxuan:ren3_hunhe_zx,hunhe,14
ssc_std,renxuan,ren3_zuxuan_hz,任三组选和值,ssc_std:renxuan:ren3_zuxuan_hz,hezhi,15
ssc_std,renxuan,ren4_zhixuan_fs,任选四直选复式,ssc_std:renxuan:ren4_zhixuan_fs,fushi,16
ssc_std,renxuan,ren4_zhixuan_ds,任选四直选单式,ssc_std:renxuan:ren4_zhixuan_ds,danshi,17
ssc_std,renxuan,ren4_zu24,任选四组选24,ssc_std:renxuan:ren4_zu24,zu24,18
ssc_std,renxuan,ren4_zu12,任选四组选12,ssc_std:renxuan:ren4_zu12,zu12,19
ssc_std,renxuan,ren4_zu6,任选四组选6,ssc_std:renxuan:ren4_zu6,zu6,20
ssc_std,qianzhonghou3,qzh3_zhixuan_fs,直选复式,ssc_std:qianzhonghou3:qzh3_zhixuan_fs,fushi,1
ssc_std,qianzhonghou3,qzh3_zhixuan_ds,直选单式,ssc_std:qianzhonghou3:qzh3_zhixuan_ds,danshi,2
ssc_std,qianzhonghou3,qzh3_zhixuan_hz,直选和值,ssc_std:qianzhonghou3:qzh3_zhixuan_hz,hezhi,3
ssc_std,qianzhonghou3,qzh3_zhixuan_kd,直选跨度,ssc_std:qianzhonghou3:qzh3_zhixuan_kd,kuadu,4
ssc_std,qianzhonghou3,qzh3_zuhe,组合,ssc_std:qianzhonghou3:qzh3_zuhe,zuhe,5
ssc_std,qianzhonghou3,qzh3_zu3,组三,ssc_std:qianzhonghou3:qzh3_zu3,zu3,6
ssc_std,qianzhonghou3,qzh3_zu6,组六,ssc_std:qianzhonghou3:qzh3_zu6,zu6,7
ssc_std,qianzhonghou3,qzh3_zuxuan_hz,组选和值,ssc_std:qianzhonghou3:qzh3_zuxuan_hz,hezhi,8
ssc_std,qianzhonghou3,qzh3_zuxuan_bd,组选包胆,ssc_std:qianzhonghou3:qzh3_zuxuan_bd,baodan,9
ssc_std,qianzhonghou3,qzh3_hunhe_zx,混合组选,ssc_std:qianzhonghou3:qzh3_hunhe_zx,hunhe,10
ssc_std,qianzhonghou3,qzh3_hz_weishu,和值尾数,ssc_std:qianzhonghou3:qzh3_hz_weishu,weishu,11
ssc_std,qianzhonghou3,qzh3_teshu,特殊号,ssc_std:qianzhonghou3:qzh3_teshu,teshu,12
ssc_std,qianhou3,qh3_zhixuan_fs,直选复式,ssc_std:qianhou3:qh3_zhixuan_fs,fushi,1
ssc_std,qianhou3,qh3_zhixuan_ds,直选单式,ssc_std:qianhou3:qh3_zhixuan_ds,danshi,2
ssc_std,qianhou3,qh3_zhixuan_hz,直选和值,ssc_std:qianhou3:qh3_zhixuan_hz,hezhi,3
ssc_std,qianhou3,qh3_zhixuan_kd,直选跨度,ssc_std:qianhou3:qh3_zhixuan_kd,kuadu,4
ssc_std,qianhou3,qh3_zuhe,组合,ssc_std:qianhou3:qh3_zuhe,zuhe,5
ssc_std,qianhou3,qh3_zu3,组三,ssc_std:qianhou3:qh3_zu3,zu3,6
ssc_std,qianhou3,qh3_zu6,组六,ssc_std:qianhou3:qh3_zu6,zu6,7
ssc_std,qianhou3,qh3_zuxuan_hz,组选和值,ssc_std:qianhou3:qh3_zuxuan_hz,hezhi,8
ssc_std,qianhou3,qh3_zuxuan_bd,组选包胆,ssc_std:qianhou3:qh3_zuxuan_bd,baodan,9
ssc_std,qianhou3,qh3_hunhe_zx,混合组选,ssc_std:qianhou3:qh3_hunhe_zx,hunhe,10
ssc_std,qianhou3,qh3_hz_weishu,和值尾数,ssc_std:qianhou3:qh3_hz_weishu,weishu,11
ssc_std,qianhou3,qh3_teshu,特殊号,ssc_std:qianhou3:qh3_teshu,teshu,12
ssc_std,budingwei,qian3_1ma,前三一码不定位,ssc_std:budingwei:qian3_1ma,budingwei,1
ssc_std,budingwei,qian3_2ma,前三二码不定位,ssc_std:budingwei:qian3_2ma,budingwei,2
ssc_std,budingwei,zhong3_1ma,中三一码不定位,ssc_std:budingwei:zhong3_1ma,budingwei,3
ssc_std,budingwei,zhong3_2ma,中三二码不定位,ssc_std:budingwei:zhong3_2ma,budingwei,4
ssc_std,budingwei,hou3_1ma,后三一码不定位,ssc_std:budingwei:hou3_1ma,budingwei,5
ssc_std,budingwei,hou3_2ma,后三二码不定位,ssc_std:budingwei:hou3_2ma,budingwei,6
ssc_std,budingwei,qian4_1ma,前四一码不定位,ssc_std:budingwei:qian4_1ma,budingwei,7
ssc_std,budingwei,qian4_2ma,前四二码不定位,ssc_std:budingwei:qian4_2ma,budingwei,8
ssc_std,budingwei,hou4_1ma,后四一码不定位,ssc_std:budingwei:hou4_1ma,budingwei,9
ssc_std,budingwei,hou4_2ma,后四二码不定位,ssc_std:budingwei:hou4_2ma,budingwei,10
ssc_std,budingwei,wuxing_1ma,五星一码不定位,ssc_std:budingwei:wuxing_1ma,budingwei,11
ssc_std,budingwei,wuxing_2ma,五星二码不定位,ssc_std:budingwei:wuxing_2ma,budingwei,12
ssc_std,budingwei,wuxing_3ma,五星三码不定位,ssc_std:budingwei:wuxing_3ma,budingwei,13
ssc_std,combo24,qh2_zhixuan_fs,前后二直选复式,ssc_std:combo24:qh2_zhixuan_fs,fushi,1
ssc_std,combo24,qh2_zhixuan_ds,前后二直选单式,ssc_std:combo24:qh2_zhixuan_ds,danshi,2
ssc_std,combo24,qh2_zhixuan_hz,前后二直选和值,ssc_std:combo24:qh2_zhixuan_hz,hezhi,3
ssc_std,combo24,qh2_zhixuan_kd,前后二直选跨度,ssc_std:combo24:qh2_zhixuan_kd,kuadu,4
ssc_std,combo24,qh2_zuxuan_fs,前后二组选复式,ssc_std:combo24:qh2_zuxuan_fs,fushi,5
ssc_std,combo24,qh2_zuxuan_ds,前后二组选单式,ssc_std:combo24:qh2_zuxuan_ds,danshi,6
ssc_std,combo24,qh2_zuxuan_hz,前后二组选和值,ssc_std:combo24:qh2_zuxuan_hz,hezhi,7
ssc_std,combo24,qh2_zuxuan_bd,前后二组选包胆,ssc_std:combo24:qh2_zuxuan_bd,baodan,8
ssc_std,combo24,qh4_zhixuan_fs,前后四直选复式,ssc_std:combo24:qh4_zhixuan_fs,fushi,9
ssc_std,combo24,qh4_zhixuan_ds,前后四直选单式,ssc_std:combo24:qh4_zhixuan_ds,danshi,10
ssc_std,combo24,qh4_zhixuan_zh,前后四直选组合,ssc_std:combo24:qh4_zhixuan_zh,zuhe,11
ssc_std,combo24,qh4_zu24,前后四组选24,ssc_std:combo24:qh4_zu24,zu24,12
ssc_std,combo24,qh4_zu12,前后四组选12,ssc_std:combo24:qh4_zu12,zu12,13
ssc_std,combo24,qh4_zu6,前后四组选6,ssc_std:combo24:qh4_zu6,zu6,14
ssc_std,combo24,qh4_zu4,前后四组选4,ssc_std:combo24:qh4_zu4,zu4,15
ssc_std,sixing,sixing_zhixuan_fs,四星直选复式,ssc_std:sixing:sixing_zhixuan_fs,fushi,1
ssc_std,sixing,sixing_zhixuan_ds,四星直选单式,ssc_std:sixing:sixing_zhixuan_ds,danshi,2
ssc_std,sixing,sixing_zhixuan_zh,四星直选组合,ssc_std:sixing:sixing_zhixuan_zh,zuhe,3
ssc_std,sixing,sixing_zu24,四星组选24,ssc_std:sixing:sixing_zu24,zu24,4
ssc_std,sixing,sixing_zu12,四星组选12,ssc_std:sixing:sixing_zu12,zu12,5
ssc_std,sixing,sixing_zu6,四星组选6,ssc_std:sixing:sixing_zu6,zu6,6
ssc_std,sixing,sixing_zu4,四星组选4,ssc_std:sixing:sixing_zu4,zu4,7
ssc_std,wuxing,wuxing_zhixuan_fs,五星直选复式,ssc_std:wuxing:wuxing_zhixuan_fs,fushi,1
ssc_std,wuxing,wuxing_zhixuan_ds,五星直选单式,ssc_std:wuxing:wuxing_zhixuan_ds,danshi,2
ssc_std,wuxing,wuxing_zhixuan_zh,五星直选组合,ssc_std:wuxing:wuxing_zhixuan_zh,zuhe,3
ssc_std,wuxing,wuxing_zu120,五星组选120,ssc_std:wuxing:wuxing_zu120,zu120,4
ssc_std,wuxing,wuxing_zu60,五星组选60,ssc_std:wuxing:wuxing_zu60,zu60,5
ssc_std,wuxing,wuxing_zu30,五星组选30,ssc_std:wuxing:wuxing_zu30,zu30,6
ssc_std,wuxing,wuxing_zu20,五星组选20,ssc_std:wuxing:wuxing_zu20,zu20,7
ssc_std,wuxing,wuxing_zu10,五星组选10,ssc_std:wuxing:wuxing_zu10,zu10,8
ssc_std,wuxing,wuxing_zu5,五星组选5,ssc_std:wuxing:wuxing_zu5,zu5,9
ssc_std,wuxing,wuxing_yifan,五星一帆风顺,ssc_std:wuxing:wuxing_yifan,teshu,10
ssc_std,wuxing,wuxing_haoshi,五星好事成双,ssc_std:wuxing:wuxing_haoshi,teshu,11
ssc_std,wuxing,wuxing_sanxing,五星三星报喜,ssc_std:wuxing:wuxing_sanxing,teshu,12
ssc_std,wuxing,wuxing_siji,五星四季发财,ssc_std:wuxing:wuxing_siji,teshu,13
ssc_std,dxds,hou2_dxds,后二大小单双,ssc_std:dxds:hou2_dxds,dxds,1
ssc_std,dxds,hou3_dxds,后三大小单双,ssc_std:dxds:hou3_dxds,dxds,2
ssc_std,dxds,qian2_dxds,前二大小单双,ssc_std:dxds:qian2_dxds,dxds,3
ssc_std,dxds,qian3_dxds,前三大小单双,ssc_std:dxds:qian3_dxds,dxds,4
ssc_std,dxds,wuxing_hz_ds,五星和值单双,ssc_std:dxds:wuxing_hz_ds,danshuang,5
ssc_std,dxds,wuxing_hz_dx,五星和值大小,ssc_std:dxds:wuxing_hz_dx,daxiao,6
lhc_std,tema,tema_a,特码A,lhc_std:tema:tema_a,tema,1
lhc_std,tema,zheng1_te,正1特,lhc_std:tema:zheng1_te,zhengte,2
lhc_std,tema,zheng2_te,正2特,lhc_std:tema:zheng2_te,zhengte,3
lhc_std,tema,zheng3_te,正3特,lhc_std:tema:zheng3_te,zhengte,4
lhc_std,tema,zheng4_te,正4特,lhc_std:tema:zheng4_te,zhengte,5
lhc_std,tema,zheng5_te,正5特,lhc_std:tema:zheng5_te,zhengte,6
lhc_std,tema,zheng6_te,正6特,lhc_std:tema:zheng6_te,zhengte,7
lhc_std,erquanzhong,fushi,复式,lhc_std:erquanzhong:fushi,fushi,8
lhc_std,erquanzhong,tuotou,拖头,lhc_std:erquanzhong:tuotou,tuotou,9
lhc_std,erquanzhong,sx_dp,生肖对碰,lhc_std:erquanzhong:sx_dp,sx_dp,10
lhc_std,erquanzhong,ws_dp,尾数对碰,lhc_std:erquanzhong:ws_dp,ws_dp,11
lhc_std,erquanzhong,sw_dp,生尾对碰,lhc_std:erquanzhong:sw_dp,sw_dp,12
lhc_std,erquanzhong,renyi_dp,任意对碰,lhc_std:erquanzhong:renyi_dp,renyi_dp,13
lhc_std,erzhongte,fushi,复式,lhc_std:erzhongte:fushi,fushi,14
lhc_std,erzhongte,tuotou,拖头,lhc_std:erzhongte:tuotou,tuotou,15
lhc_std,erzhongte,sx_dp,生肖对碰,lhc_std:erzhongte:sx_dp,sx_dp,16
lhc_std,erzhongte,ws_dp,尾数对碰,lhc_std:erzhongte:ws_dp,ws_dp,17
lhc_std,erzhongte,sw_dp,生尾对碰,lhc_std:erzhongte:sw_dp,sw_dp,18
lhc_std,erzhongte,renyi_dp,任意对碰,lhc_std:erzhongte:renyi_dp,renyi_dp,19
lhc_std,techuan,fushi,复式,lhc_std:techuan:fushi,fushi,20
lhc_std,techuan,tuotou,拖头,lhc_std:techuan:tuotou,tuotou,21
lhc_std,techuan,sx_dp,生肖对碰,lhc_std:techuan:sx_dp,sx_dp,22
lhc_std,techuan,ws_dp,尾数对碰,lhc_std:techuan:ws_dp,ws_dp,23
lhc_std,techuan,sw_dp,生尾对碰,lhc_std:techuan:sw_dp,sw_dp,24
lhc_std,techuan,renyi_dp,任意对碰,lhc_std:techuan:renyi_dp,renyi_dp,25
lhc_std,sanzhonger,fushi,复式,lhc_std:sanzhonger:fushi,fushi,26
lhc_std,sanzhonger,tuotou,拖头,lhc_std:sanzhonger:tuotou,tuotou,27
lhc_std,sanquanzhong,fushi,复式,lhc_std:sanquanzhong:fushi,fushi,28
lhc_std,sanquanzhong,tuotou,拖头,lhc_std:sanquanzhong:tuotou,tuotou,29
lhc_std,shengxiao,texiao,特肖,lhc_std:shengxiao:texiao,texiao,30
lhc_std,shengxiao,zongxiao,总肖,lhc_std:shengxiao:zongxiao,zongxiao,31
lhc_std,shengxiao,2xiao,2肖,lhc_std:shengxiao:2xiao,xiao,32
lhc_std,shengxiao,3xiao,3肖,lhc_std:shengxiao:3xiao,xiao,33
lhc_std,shengxiao,4xiao,4肖,lhc_std:shengxiao:4xiao,xiao,34
lhc_std,shengxiao,5xiao,5肖,lhc_std:shengxiao:5xiao,xiao,35
lhc_std,shengxiao,6xiao,6肖,lhc_std:shengxiao:6xiao,xiao,36
lhc_std,shengxiao,1xiao,一肖,lhc_std:shengxiao:1xiao,xiao,37
lhc_std,shengxiao,1xiao_bz,一肖不中,lhc_std:shengxiao:1xiao_bz,xiao_bz,38
lhc_std,shengxiao,2xiao_z,2肖中,lhc_std:shengxiao:2xiao_z,xiao_z,39
lhc_std,shengxiao,3xiao_z,3肖中,lhc_std:shengxiao:3xiao_z,xiao_z,40
lhc_std,shengxiao,4xiao_z,4肖中,lhc_std:shengxiao:4xiao_z,xiao_z,41
lhc_std,shengxiao,5xiao_z,5肖中,lhc_std:shengxiao:5xiao_z,xiao_z,42
lhc_std,shengxiao,2xiao_bz,2肖不中,lhc_std:shengxiao:2xiao_bz,xiao_bz,43
lhc_std,shengxiao,3xiao_bz,3肖不中,lhc_std:shengxiao:3xiao_bz,xiao_bz,44
lhc_std,shengxiao,4xiao_bz,4肖不中,lhc_std:shengxiao:4xiao_bz,xiao_bz,45
lhc_std,shengxiao,5xiao_bz,5肖不中,lhc_std:shengxiao:5xiao_bz,xiao_bz,46
lhc_std,weishu,weishu,尾数,lhc_std:weishu:weishu,weishu,47
lhc_std,weishu,weishu_bz,尾数不中,lhc_std:weishu:weishu_bz,weishu_bz,48
lhc_std,weishu,2wei_z,2尾中,lhc_std:weishu:2wei_z,wei_z,49
lhc_std,weishu,3wei_z,3尾中,lhc_std:weishu:3wei_z,wei_z,50
lhc_std,weishu,4wei_z,4尾中,lhc_std:weishu:4wei_z,wei_z,51
lhc_std,weishu,2wei_bz,2尾不中,lhc_std:weishu:2wei_bz,wei_bz,52
lhc_std,weishu,3wei_bz,3尾不中,lhc_std:weishu:3wei_bz,wei_bz,53
lhc_std,weishu,4wei_bz,4尾不中,lhc_std:weishu:4wei_bz,wei_bz,54
lhc_std,buzhong_xuanyi,5bz,5不中,lhc_std:buzhong_xuanyi:5bz,buzhong,55
lhc_std,buzhong_xuanyi,6bz,6不中,lhc_std:buzhong_xuanyi:6bz,buzhong,56
lhc_std,buzhong_xuanyi,7bz,7不中,lhc_std:buzhong_xuanyi:7bz,buzhong,57
lhc_std,buzhong_xuanyi,8bz,8不中,lhc_std:buzhong_xuanyi:8bz,buzhong,58
lhc_std,buzhong_xuanyi,9bz,9不中,lhc_std:buzhong_xuanyi:9bz,buzhong,59
lhc_std,buzhong_xuanyi,10bz,10不中,lhc_std:buzhong_xuanyi:10bz,buzhong,60
lhc_std,buzhong_xuanyi,11bz,11不中,lhc_std:buzhong_xuanyi:11bz,buzhong,61
lhc_std,buzhong_xuanyi,12bz,12不中,lhc_std:buzhong_xuanyi:12bz,buzhong,62
lhc_std,buzhong_xuanyi,15bz,15不中,lhc_std:buzhong_xuanyi:15bz,buzhong,63
lhc_std,buzhong_xuanyi,5x1,5选中一,lhc_std:buzhong_xuanyi:5x1,xuanyi,64
lhc_std,buzhong_xuanyi,6x1,6选中一,lhc_std:buzhong_xuanyi:6x1,xuanyi,65
lhc_std,buzhong_xuanyi,7x1,7选中一,lhc_std:buzhong_xuanyi:7x1,xuanyi,66
lhc_std,buzhong_xuanyi,8x1,8选中一,lhc_std:buzhong_xuanyi:8x1,xuanyi,67
lhc_std,buzhong_xuanyi,9x1,9选中一,lhc_std:buzhong_xuanyi:9x1,xuanyi,68
lhc_std,buzhong_xuanyi,10x1,10选中一,lhc_std:buzhong_xuanyi:10x1,xuanyi,69
lhc_std,guoguan,guoguan,过关,lhc_std:guoguan:guoguan,guoguan,70
lhc_std,tematouwei,tematouwei,特码头尾,lhc_std:tematouwei:tematouwei,tematouwei,71
lhc_std,wuxingjiaye,wuxing,五行,lhc_std:wuxingjiaye:wuxing,wuxing,72
lhc_std,wuxingjiaye,jiaye,家野,lhc_std:wuxingjiaye:jiaye,jiaye,73
lhc_std,bose,bose,波色,lhc_std:bose:bose,bose,74
lhc_std,bose,banbo,半波,lhc_std:bose:banbo,banbo,75
lhc_std,bose,banbanbo,半半波,lhc_std:bose:banbanbo,banbanbo,76
lhc_std,qima,qima,七码,lhc_std:qima:qima,qima,77
lhc_std,renzhong,1l_rz,1粒任中,lhc_std:renzhong:1l_rz,renzhong,78
lhc_std,renzhong,2l_rz,2粒任中,lhc_std:renzhong:2l_rz,renzhong,79
lhc_std,renzhong,3l_rz,3粒任中,lhc_std:renzhong:3l_rz,renzhong,80
lhc_std,renzhong,4l_rz,4粒任中,lhc_std:renzhong:4l_rz,renzhong,81
lhc_std,renzhong,5l_rz,5粒任中,lhc_std:renzhong:5l_rz,renzhong,82
syxw_std,dingwei,dingwei_wan,定位胆 · 万位,syxw_std:dingwei:dingwei_wan,dingwei,1
syxw_std,dingwei,dingwei_qian,定位胆 · 千位,syxw_std:dingwei:dingwei_qian,dingwei,2
syxw_std,dingwei,dingwei_bai,定位胆 · 百位,syxw_std:dingwei:dingwei_bai,dingwei,3
syxw_std,dingwei,dingwei_shi,定位胆 · 十位,syxw_std:dingwei:dingwei_shi,dingwei,4
syxw_std,dingwei,dingwei_ge,定位胆 · 个位,syxw_std:dingwei:dingwei_ge,dingwei,5
syxw_std,qian3,qian3_zhixuan_fs,前三直选复式,syxw_std:qian3:qian3_zhixuan_fs,fushi,6
syxw_std,qian3,qian3_zhixuan_ds,前三直选单式,syxw_std:qian3:qian3_zhixuan_ds,danshi,7
syxw_std,qian3,qian3_zuxuan_fs,前三组选复式,syxw_std:qian3:qian3_zuxuan_fs,fushi,8
syxw_std,qian3,qian3_zuxuan_ds,前三组选单式,syxw_std:qian3:qian3_zuxuan_ds,danshi,9
syxw_std,qian3,qian3_budingwei,前三不定位,syxw_std:qian3:qian3_budingwei,budingwei,10
syxw_std,qian2,qian2_zhixuan_fs,前二直选复式,syxw_std:qian2:qian2_zhixuan_fs,fushi,11
syxw_std,qian2,qian2_zhixuan_ds,前二直选单式,syxw_std:qian2:qian2_zhixuan_ds,danshi,12
syxw_std,qian2,qian2_zuxuan_fs,前二组选复式,syxw_std:qian2:qian2_zuxuan_fs,fushi,13
syxw_std,qian2,qian2_zuxuan_ds,前二组选单式,syxw_std:qian2:qian2_zuxuan_ds,danshi,14
syxw_std,renxuan_fs,rx_1z1,复式任选一中一,syxw_std:renxuan_fs:rx_1z1,fushi,15
syxw_std,renxuan_ds,rx_1z1_ds,单式任选一中一,syxw_std:renxuan_ds:rx_1z1_ds,danshi,16
syxw_std,renxuan_fs,rx_2z2,复式任选二中二,syxw_std:renxuan_fs:rx_2z2,fushi,17
syxw_std,renxuan_ds,rx_2z2_ds,单式任选二中二,syxw_std:renxuan_ds:rx_2z2_ds,danshi,18
syxw_std,renxuan_fs,rx_3z3,复式任选三中三,syxw_std:renxuan_fs:rx_3z3,fushi,19
syxw_std,renxuan_ds,rx_3z3_ds,单式任选三中三,syxw_std:renxuan_ds:rx_3z3_ds,danshi,20
syxw_std,renxuan_fs,rx_4z4,复式任选四中四,syxw_std:renxuan_fs:rx_4z4,fushi,21
syxw_std,renxuan_ds,rx_4z4_ds,单式任选四中四,syxw_std:renxuan_ds:rx_4z4_ds,danshi,22
syxw_std,renxuan_fs,rx_5z5,复式任选五中五,syxw_std:renxuan_fs:rx_5z5,fushi,23
syxw_std,renxuan_ds,rx_5z5_ds,单式任选五中五,syxw_std:renxuan_ds:rx_5z5_ds,danshi,24
syxw_std,renxuan_fs,rx_6z5,复式任选六中五,syxw_std:renxuan_fs:rx_6z5,fushi,25
syxw_std,renxuan_ds,rx_6z5_ds,单式任选六中五,syxw_std:renxuan_ds:rx_6z5_ds,danshi,26
syxw_std,renxuan_fs,rx_7z5,复式任选七中五,syxw_std:renxuan_fs:rx_7z5,fushi,27
syxw_std,renxuan_ds,rx_7z5_ds,单式任选七中五,syxw_std:renxuan_ds:rx_7z5_ds,danshi,28
syxw_std,renxuan_fs,rx_8z5,复式任选八中五,syxw_std:renxuan_fs:rx_8z5,fushi,29
syxw_std,renxuan_ds,rx_8z5_ds,单式任选八中五,syxw_std:renxuan_ds:rx_8z5_ds,danshi,30
pk10_std,dingwei,dingwei_wan,定位胆 · 万位,pk10_std:dingwei:dingwei_wan,dingwei,1
pk10_std,dingwei,dingwei_qian,定位胆 · 千位,pk10_std:dingwei:dingwei_qian,dingwei,2
pk10_std,dingwei,dingwei_bai,定位胆 · 百位,pk10_std:dingwei:dingwei_bai,dingwei,3
pk10_std,dingwei,dingwei_shi,定位胆 · 十位,pk10_std:dingwei:dingwei_shi,dingwei,4
pk10_std,dingwei,dingwei_ge,定位胆 · 个位,pk10_std:dingwei:dingwei_ge,dingwei,5
pk10_std,longhu,lh_1v10,1-Vs-10,pk10_std:longhu:lh_1v10,longhu,6
pk10_std,longhu,lh_2v9,2-Vs-9,pk10_std:longhu:lh_2v9,longhu,7
pk10_std,longhu,lh_3v8,3-Vs-8,pk10_std:longhu:lh_3v8,longhu,8
pk10_std,longhu,lh_4v7,4-Vs-7,pk10_std:longhu:lh_4v7,longhu,9
pk10_std,longhu,lh_5v6,5-Vs-6,pk10_std:longhu:lh_5v6,longhu,10
pk10_std,qian1,qian1_zhixuan_fs,前一直选复式,pk10_std:qian1:qian1_zhixuan_fs,fushi,11
pk10_std,qian2,qian2_zhixuan_fs,前二直选复式,pk10_std:qian2:qian2_zhixuan_fs,fushi,12
pk10_std,qian2,qian2_zhixuan_ds,前二直选单式,pk10_std:qian2:qian2_zhixuan_ds,danshi,13
pk10_std,qian3,qian3_zhixuan_fs,前三直选复式,pk10_std:qian3:qian3_zhixuan_fs,fushi,14
pk10_std,qian3,qian3_zhixuan_ds,前三直选单式,pk10_std:qian3:qian3_zhixuan_ds,danshi,15
pk10_std,qian4,qian4_zhixuan_fs,前四直选复式,pk10_std:qian4:qian4_zhixuan_fs,fushi,16
pk10_std,qian4,qian4_zhixuan_ds,前四直选单式,pk10_std:qian4:qian4_zhixuan_ds,danshi,17
pk10_std,qian5,qian5_zhixuan_fs,前五直选复式,pk10_std:qian5:qian5_zhixuan_fs,fushi,18
pk10_std,qian5,qian5_zhixuan_ds,前五直选单式,pk10_std:qian5:qian5_zhixuan_ds,danshi,19
pk10_std,daxiao,dx_gj,冠军大小,pk10_std:daxiao:dx_gj,daxiao,20
pk10_std,danshuang,ds_gj,冠军单双,pk10_std:danshuang:ds_gj,danshuang,21
pk10_std,daxiao,dx_yj,亚军大小,pk10_std:daxiao:dx_yj,daxiao,22
pk10_std,danshuang,ds_yj,亚军单双,pk10_std:danshuang:ds_yj,danshuang,23
pk10_std,daxiao,dx_jj,季军大小,pk10_std:daxiao:dx_jj,daxiao,24
pk10_std,danshuang,ds_jj,季军单双,pk10_std:danshuang:ds_jj,danshuang,25
pk10_std,daxiao,dx_ds4,第四名大小,pk10_std:daxiao:dx_ds4,daxiao,26
pk10_std,danshuang,ds_ds4,第四名单双,pk10_std:danshuang:ds_ds4,danshuang,27
pk10_std,daxiao,dx_ds5,第五名大小,pk10_std:daxiao:dx_ds5,daxiao,28
pk10_std,danshuang,ds_ds5,第五名单双,pk10_std:danshuang:ds_ds5,danshuang,29
pk10_std,hezhi,hz_guanya,冠亚和值,pk10_std:hezhi:hz_guanya,hezhi,30
pk10_std,hezhi,hz_shouwei,首尾和值,pk10_std:hezhi:hz_shouwei,hezhi,31
pk10_std,hezhi,hz_qian3,前三和值,pk10_std:hezhi:hz_qian3,hezhi,32
pk10_std,hezhi,hz_hou3,后三和值,pk10_std:hezhi:hz_hou3,hezhi,33
pk10_std,dxds_combo,dxds_guanya,冠亚和值大小单双,pk10_std:dxds_combo:dxds_guanya,dxds,34
pk10_std,dxds_combo,dxds_qian3,前三大小单双,pk10_std:dxds_combo:dxds_qian3,dxds,35
pk10_std,dxds_combo,dxds_hou3,后三大小单双,pk10_std:dxds_combo:dxds_hou3,dxds,36
k3_std,hezhi,k3_hezhi,快三和值,k3_std:hezhi:k3_hezhi,hezhi,1
k3_std,tonghao,ertong_dan,二同号单选,k3_std:tonghao:ertong_dan,danshi,2
k3_std,tonghao,ertong_fu,二同号复选,k3_std:tonghao:ertong_fu,fushi,3
k3_std,tonghao,santong,三同号,k3_std:tonghao:santong,tonghao,4
k3_std,butonghao,2butong,二不同号,k3_std:butonghao:2butong,butong,5
k3_std,butonghao,biaozhun,标准选号,k3_std:butonghao:biaozhun,fushi,6
k3_std,butonghao,shoudong,手动输入,k3_std:butonghao:shoudong,shoudong,7
k3_std,lianhao_qita,sanlian,三连号,k3_std:lianhao_qita:sanlian,lianhao,8
k3_std,lianhao_qita,dantiao,单挑一骰,k3_std:lianhao_qita:dantiao,dantiao,9
pc28_std,pc28_20,hezhi,2.0 · 和值,pc28_std:pc28_20:hezhi,hezhi,1
pc28_std,pc28_20,dxds,2.0 · 大小单双,pc28_std:pc28_20:dxds,dxds,2
pc28_std,pc28_20,teshu,2.0 · 特殊号,pc28_std:pc28_20:teshu,teshu,3
pc28_std,pc28_20,longhubao,2.0 · 龙虎豹,pc28_std:pc28_20:longhubao,longhubao,4
pc28_std,pc28_28,hezhi,2.8 · 和值,pc28_std:pc28_28:hezhi,hezhi,5
pc28_std,pc28_28,dxds,2.8 · 大小单双,pc28_std:pc28_28:dxds,dxds,6
pc28_std,pc28_28,teshu,2.8 · 特殊号,pc28_std:pc28_28:teshu,teshu,7
pc28_std,pc28_28,longhubao,2.8 · 龙虎豹,pc28_std:pc28_28:longhubao,longhubao,8
